OBJECTID,stp_identi,stp_511_id,stp_descri,route,longitude,latitude
188,0200010,55064,Bayside Common Condominiums,L,-122.30815,37.8963137
189,0200120,55448,Jackson St & 8th St,18 52,-122.2999811,37.8834549
190,0200200,55990,956 Ohlone Av,18 52,-122.301303,37.8855344
191,0200220,52700,545 Pierce St,L,-122.3081223,37.8958126
192,0200250,55616,Pierce St & Gateview Apts,L,-122.3072978,37.8938688
193,0200260,56411,Pierce St & Gateview Apts,L,-122.3071888,37.8940856
194,0200350,52117,San Pablo Av & Brighton Av,72 800 72M,-122.301025,37.8971372
195,0200360,56422,San Pablo Av & Brighton Av,72 800 72M,-122.30109,37.8965096
196,0200370,56606,San Pablo Av & Buchanan St,18 72 800 G 72M,-122.2981122,37.8880699
197,0200380,57957,San Pablo Av & Buchanan St,18 72 800 G 72M,-122.2984039,37.8880964
198,0200390,55728,San Pablo Av & Castro St,72 800 72M,-122.3003764,37.8942865
199,0200400,51166,San Pablo Av & Marin Av (Albany City Hall),18 72 800 G 72M,-122.2978696,37.8864621
200,0200410,55867,San Pablo Av & Marin Av (Albany City Hall),18 72 800 G 72M,-122.2976044,37.886486
201,0200420,55978,San Pablo Av & Monroe St,72 800 G 72M,-122.2970678,37.884827
202,0200430,54344,San Pablo Av & Monroe St,52 72 800 G 72M,-122.2972128,37.8844104
203,0200590,55766,Solano Av & Cornell Av,18 G,-122.2958712,37.8903904
204,0200600,55730,Solano Av & Cornell Av,18 G,-122.2960187,37.8905267
205,0200610,51212,Solano Av & Curtis St,18 G,-122.2871565,37.8908709
206,0200620,55395,Solano Av & Kains Av,18 G,-122.29832,37.8903792
207,0200630,55133,Solano Av & Masonic Av,18 G,-122.293296,37.8905034
208,0200640,58977,Solano Av & Masonic Av,18 G,-122.2934792,37.8906925
209,0200650,56615,Solano Av & Peralta Av,18 G,-122.2852393,37.8909554
210,0200670,51915,Solano Av & Ramona Av,18 G,-122.2913283,37.8907478
211,0200680,56568,Solano Av & Ramona Av,18 G,-122.2909284,37.8906403
212,0200700,52245,Solano Av & Santa Fe Av,18 G,-122.2889255,37.8907502
213,0200710,55905,Solano Av & Santa Fe Av,18 G,-122.2891941,37.8908632
214,0200720,57975,Solano Av & Ventura Av,18,-122.2831532,37.8910781
215,0200730,56688,San Pablo Av & Solano Av,72 800 72L 72M,-122.2990127,37.8899646
216,0200740,52217,San Pablo Av & Portland Av,72 800 72M,-122.2998084,37.8933355
217,0200750,55958,Pierce St & Solano Av,L,-122.305791,37.8887276
218,0200760,54440,Ohlone Av & West End Way,52,-122.3050115,37.8847305
219,0200770,55115,Red Oak Av & Kinkead Way,52,-122.302906,37.8829334
220,0200780,50529,Jackson St & Ohlone Av,18 52,-122.3001501,37.8854439
221,0300210,55909,7th St & Anthony St,36,-122.2916088,37.8522852
222,0300220,55915,7th St & Anthony St,36,-122.2913787,37.8521796
223,0300260,55970,7th St & Grayson St,36,-122.2926102,37.8554134
224,0300270,50633,7th St & Grayson St,36,-122.2925702,37.8555686
225,0300290,58667,7th St & Heinz Av,36,-122.2917665,37.8533342
226,0300300,55738,7th St & Parker St,36,-122.2934837,37.8586027
227,0300310,55807,7th St & Parker St,36,-122.2936647,37.8585478
228,0300315,57566,Addison St & Oxford St,22,-122.2665493,37.8712934
229,0300320,52252,Adeline St & Alcatraz Av,7 12 F,-122.2710909,37.8491153
231,0300340,53327,Adeline St & Ashby Av,7 F,-122.2686188,37.855424
232,0300350,59978,Adeline St & Ashby BART,7 F,-122.2700501,37.8525969
233,0300360,59918,Adeline St & Ashby BART,7 F,-122.2695416,37.8529129
234,0300370,59928,Adeline St & Fairview St,7 F,-122.2704772,37.8510033
235,0300380,54254,Adeline St & Fairview St,7 12 F,-122.2708478,37.8507917
236,0300390,57220,Adeline St & Oregon St,7 800 F,-122.2677277,37.8577582
237,0300400,57330,Adeline St & Oregon St,7 800 F,-122.2684949,37.8570802
238,0300410,56736,Adeline St & Russell St,7 F,-122.269009,37.855491
243,0300490,51712,Alcatraz Av & Dover St,22 688,-122.2691346,37.8491238
248,0300560,57990,Arlington Av & Boynton Av,7,-122.2766039,37.9020602
249,0300570,54578,Arlington Av & Boynton Path,7,-122.2763655,37.9019727
250,0300580,55107,Arlington Av & Indian Rock Path,7,-122.2739399,37.8920034
251,0300590,56752,Arlington Av & Indian Rock Path,7,-122.2742057,37.8919892
252,0300600,53723,Arlington Av & Mendocino Path,7,-122.2746348,37.8931074
253,0300610,56753,Arlington Av & Mendocino Av,7,-122.2748344,37.893232
254,0300620,57585,Arlington Av & San Antonio Av,7,-122.2774213,37.8991222
255,0300630,58768,Arlington Av & San Fernando Av,7,-122.2765587,37.8988243
256,0300640,57432,Arlington Av & San Luis Rd,7,-122.2768979,37.9009897
257,0300650,59970,Arlington Av & San Luis Rd,7,-122.2771876,37.900947
258,0300660,59938,Arlington Av & Southampton Av,7,-122.274719,37.8944094
259,0300670,51880,Arlington Av & Thousand Oaks Blvd,7,-122.276286,37.8973786
260,0300680,56759,Arlington Av & Thousand Oaks Blvd,7,-122.2756917,37.8971562
261,0300690,52880,Arlington Av & Yosemite Rd,7,-122.2752638,37.8949574
262,0300710,55817,Ashby Av & 7th St,27 J,-122.2904636,37.8511952
263,0300720,50667,Ashby Av & Acton St,27 J,-122.2809724,37.8531617
264,0300730,54954,Ashby Av & Acton St,27 J,-122.2817184,37.8532178
265,0300740,56858,Ashby Av & Adeline St (Ashby BART),27 800,-122.26847,37.8551208
266,0300750,52239,Ashby Av & Adeline St (Ashby BART),27 800,-122.2686756,37.8548118
267,0300760,50177,Ashby Av & California St,27,-122.2772099,37.8535847
268,0300770,53880,Ashby Av & California St,27,-122.276672,37.853531
269,0300780,50677,Ashby Av & Claremont Av,604,-122.2457638,37.8580919
270,0300790,52331,Ashby Av & Claremont Av,604,-122.2456743,37.8579768
271,0300800,56795,Ashby Av & Colby St,27,-122.2576161,37.8563945
272,0300810,58568,Ashby Av & College Av,604,-122.252661,37.8570133
273,0300830,52336,Ashby Av & Deakin St,27 800,-122.2626205,37.8558683
274,0300840,57658,Ashby Av & Deakin St,27 800,-122.2621734,37.85579
275,0300850,58820,Ashby Av & Domingo Av,604 E,-122.2441151,37.8581432
276,0300860,50699,Ashby Av & Ellis St,27,-122.2735052,37.8540602
277,0300870,59968,Ashby Av & Hillegass Av,27,-122.2553576,37.8568175
278,0300880,59875,Ashby Av & Hillegass Av,27,-122.2552436,37.8567025
279,0300890,51050,Ashby Av & King St,27,-122.2739,37.853892
280,0300900,50540,Ashby Av & Mabel St,27,-122.283454,37.8527395
281,0300910,54559,Ashby Av & Mabel St,27,-122.2839863,37.8527581
282,0300920,55765,Ashby Av & Martin Luther King Jr Way(Ashby BART),27,-122.2709196,37.8544195
283,0300930,51171,Ashby Av & Martin Luther King Jr Way(Ashby BART),27,-122.2706094,37.8542557
284,0300940,53756,Ashby Av & Piedmont Av,604,-122.2508956,37.8576213
285,0300950,59879,Ashby Av & Piedmont Av,604,-122.2509815,37.8577657
286,0300960,56870,Ashby Av & Pine Av,604,-122.2487036,37.8579065
287,0300970,57056,Ashby Av & Pine Av,604,-122.2482105,37.8578404
288,0300980,51951,Ashby Av & Regent St,27,-122.2571196,37.8565857
289,0300990,52662,Ashby Av & Sacramento St,27,-122.2792304,37.8532066
290,0301000,55919,Ashby Av & Sacramento St,27,-122.2788099,37.8533772
291,0301010,52300,Ashby Av & San Pablo Av,27 J,-122.2862468,37.8521703
292,0301020,52599,Ashby Av & San Pablo Av,27 J,-122.2871538,37.8521495
293,0301030,52339,Ashby Av & Shattuck Av,27 800,-122.2661935,37.855265
294,0301040,55016,Ashby Av & Shattuck Av,27 800,-122.2668332,37.8553464
295,0301050,59300,Ashby Av & Telegraph Av,27 800,-122.2601452,37.8562067
296,0301060,55217,Ashby Av & Telegraph Av,27,-122.2593586,37.8561596
297,0301070,56796,Ashby Av & Wheeler St,27 800,-122.2648359,37.8555882
298,0301080,58234,Ashby Av & Wheeler St,27 800,-122.2642869,37.8555157
299,0301090,55827,Avenida Dr & Campus Dr,65,-122.2522893,37.882765
300,0301100,51138,Avenida Dr & Queens Rd,65,-122.2517607,37.8835469
301,0301130,55593,Bancroft Way & Dana St,6 22 27 36 52 604 605 851 F 51B,-122.2619131,37.8684577
302,0301170,54455,Bancroft Way & Telegraph Av,27 851 51B,-122.2599089,37.86866
303,0301180,56888,Bancroft Way & Telegraph Av,6 52,-122.260255,37.8686459
304,0301190,54963,Bancroft Way & Telegraph Av,22 36 604 605 F,-122.2605215,37.8686135
305,0301200,55837,Belrose Av & Garber St,36,-122.2457772,37.8609925
306,0301220,55194,Campus Dr & Del Mar Av,65,-122.2530421,37.8838052
307,0301230,57651,Campus Dr & Glendale Av,65,-122.2545122,37.8857656
308,0301240,57652,Campus Dr & Quail Av,65,-122.2548521,37.8866889
309,0301250,57653,Campus Dr & Shasta Rd,65,-122.2544862,37.8876383
310,0301260,58958,Cedar St & Acton St,52,-122.2851806,37.8763099
311,0301270,57156,Cedar St & Acton St,52,-122.285276,37.8764067
312,0301320,58432,Cedar St & Cedar Rose Park,52,-122.287701,37.876165
313,0301340,50234,Cedar St & Cornell Av,52,-122.2916475,37.87548
314,0301350,54501,Cedar St & Cornell Av,52,-122.2913546,37.875636
315,0301460,55241,Cedar St & Sacramento St,52,-122.283023,37.876695
316,0301480,55327,Cedar St & San Pablo Av,52,-122.2939033,37.8753563
317,0301540,54139,Center St & Shattuck Av (Downtown Berkeley BART),88,-122.26857,37.870312
318,0301560,58830,Claremont Av & Ashby Av,36,-122.2453448,37.8581967
319,0301570,57115,Claremont Av & Ashby Av,36,-122.2449371,37.8583901
320,0301580,57118,Claremont Av & Eton Av,36 E,-122.2499761,37.8524448
321,0301590,57228,Claremont Av & Eton Ct,36 E,-122.2499542,37.8521768
322,0301600,50432,Claremont Av & Hazel Rd,36 E,-122.2466383,37.8562848
323,0301610,50911,Claremont Av & The Uplands,36 E,-122.2482454,37.8543237
324,0301620,55762,Claremont Av & Webster St,36 E,-122.2469242,37.8562251
325,0301630,55763,Claremont Av & Woolsey St,36 E,-122.2486255,37.8541152
326,0301640,51432,Claremont Blvd & Garber St,36,-122.2456364,37.8605046
327,0301660,55955,College Av & Ashby Av,22 27 604 605 851 51B,-122.2529884,37.8572871
328,0301670,55991,College Av & Ashby Av,22 605 851 51B,-122.2531146,37.8568243
329,0301690,50600,College Av & Derby St,22 27 604 605 851 51B,-122.2535971,37.8618959
330,0301700,59977,College Av & Derby St,22 27 604 605 851 51B,-122.2534823,37.8620271
331,0301730,52223,College Av & Haste St,22 27 604 605 851 51B,-122.254045,37.866775
332,0301740,52244,College Av & Haste St,22 27 604 605 851 51B,-122.2542,37.8667073
333,0301760,57774,College Av & Parker St,22 27 604 605 851 51B,-122.2537122,37.8641769
334,0301770,51199,College Av & Russell St,22 27 604 605 851 51B,-122.253145,37.8588152
335,0301780,57655,College Av & Russell St,22 27 604 605 851 51B,-122.2532678,37.8585914
336,0301790,52929,College Av & Webster St,605,-122.2529991,37.8557344
337,0301800,52922,College Av & Webster St,605,-122.2528855,37.8560319
338,0301810,56585,College Av & Woolsey St,22 605 851 51B,-122.2528211,37.8537015
339,0301820,52323,College Av & Woolsey St,22 605 851 51B,-122.2527026,37.8541628
340,0301840,53410,Colusa Av & Tacoma Av,27 G,-122.2803202,37.8931585
341,0301850,51277,Colusa Av & Thousand Oaks Blvd,27 G,-122.2854092,37.8966768
342,0301860,57338,Colusa Av & Thousand Oaks Blvd,27 G,-122.2851104,37.8964797
343,0301870,51677,Colusa Av & Thousand Oaks School,27 G,-122.2801302,37.8922537
344,0301880,56410,Colusa Av & Vincente Av,27 G,-122.2823787,37.8945645
345,0301890,52377,Colusa Av & Vincente Av,27 G,-122.2828099,37.8947025
346,0301900,57356,Colusa Av & Visalia Av,27,-122.2856493,37.8986336
347,0301910,51167,Colusa Av & Visalia Av,27,-122.2856571,37.8981956
348,0301950,51510,Derby St & Claremont Blvd,36,-122.2470974,37.8625288
349,0301960,58860,Derby St & Claremont Blvd,36,-122.2472811,37.8624243
350,0301980,52333,Durant Av & College Av,22 27 36 604 605 851 51B,-122.2546283,37.8683017
351,0302050,52556,Dwight Way & 7th St,36,-122.2936777,37.8602059
352,0302060,51667,Dwight Way & 9th St,36,-122.2921466,37.8606144
353,0302070,55925,Dwight Way & 9th St,36,-122.2916368,37.8606217
354,0302110,59234,Dwight Way & Curtis St,36,-122.28779,37.8613913
355,0302120,58007,Dwight Way & Grant St,36,-122.2742684,37.8631406
356,0302130,56586,Dwight Way & Grant St,36,-122.2745053,37.8629779
357,0302150,58575,Dwight Way & Martin Luther King Jr Way,36,-122.2723963,37.8633715
358,0302160,50575,Dwight Way & Martin Luther King Jr Way,36,-122.2717459,37.8633547
359,0302170,55313,Dwight Way & Mathews St,36,-122.2870413,37.8613704
360,0302180,55246,Dwight Way & Mc Gee Av,36,-122.2765083,37.8628517
361,0302190,58484,Dwight Way & Mc Gee Av,36,-122.2766639,37.8627161
362,0302200,51180,Dwight Way & Milvia St,36,-122.2700272,37.8635791
363,0302210,55019,Dwight Way & Sacramento St,36,-122.2809336,37.862292
364,0302220,55070,Dwight Way & Sacramento St,36,-122.2806686,37.8621848
365,0302230,50922,Dwight Way & San Pablo Av,36,-122.2899314,37.861088
366,0302240,56200,Dwight Way & San Pablo Av,36,-122.2891576,37.8611033
367,0302250,55249,Dwight Way & Valley St,36,-122.2840081,37.8618773
368,0302260,50877,Dwight Way & Valley St,36,-122.2839392,37.8617771
369,0302270,57501,1151 Euclid Av,65,-122.2613165,37.8875763
370,0302280,55264,1152 Euclid Av,65,-122.2613557,37.8877042
371,0302290,59432,Euclid Av & Acacia Av,65,-122.2676599,37.9009771
372,0302300,58117,Euclid Av & Acacia Av,65,-122.2674902,37.9006049
373,0302310,52102,Euclid Av & Bayview Pl,65,-122.2628079,37.8843968
374,0302320,52105,Euclid Av & Bayview Pl,65,-122.2626551,37.8843847
375,0302330,57512,Euclid Av & Bret Harte Path,65,-122.262462,37.8899148
376,0302340,52025,Euclid Av & Bret Harte Path,65,-122.2626417,37.8896342
377,0302350,53215,Euclid Av & Buena Vista Way,65,-122.2614859,37.8806204
378,0302360,56320,Euclid Av & Cedar St,65,-122.2611077,37.8795917
379,0302370,54780,Euclid Av & Cedar St,65,-122.2610948,37.8791979
380,0302380,52267,Euclid Av & Codornices Park,65,-122.261757,37.8831175
381,0302390,54357,Euclid Av & Cragmont Av,65,-122.2637027,37.8907635
382,0302400,51877,Euclid Av & Cragmont Av,65,-122.2640529,37.8907372
383,0302410,58227,Euclid Av & Easter Way,65,-122.2650455,37.8924638
384,0302420,57523,Euclid Av & Easter Way,65,-122.2649088,37.8926768
385,0302430,55294,Euclid Av & Eunice St,65,-122.2623554,37.886371
386,0302440,50705,Euclid Av & Eunice St,65,-122.2625037,37.8862925
387,0302450,50933,Euclid Av & Grizzly Peak Blvd,65,-122.2676119,37.9018414
388,0302460,54373,Euclid Av & Grizzly Peak Blvd,65,-122.2672783,37.9018127
389,0302470,54375,Euclid Av & Hawthorne Ter,65,-122.2614474,37.8817329
390,0302480,52667,Euclid Av & Hearst Av,65,-122.260245,37.875327
391,0302490,54670,Euclid Av & Hilgard Av,65,-122.2608324,37.8785561
392,0302500,50966,Euclid Av & Le Conte Av,65,-122.2604547,37.8768478
393,0302510,55126,Euclid Av & Marin Av,65,-122.2650006,37.8950549
394,0302520,57956,Euclid Av & Marin Av,65,-122.2644829,37.895091
395,0302530,59756,Euclid Av & Poplar St,65,-122.2668875,37.897656
396,0302540,51977,Euclid Av & Poplar St,65,-122.2665893,37.8972455
397,0302550,56587,Euclid Av & Regal Rd,65,-122.2637674,37.8939632
398,0302560,58337,Euclid Av & Regal Rd,65,-122.2639263,37.8939774
399,0302570,55304,Euclid Av & Ridge Rd,65,-122.2604504,37.8762084
400,0302580,54398,Euclid Av & Rock Ln,65,-122.2657546,37.8963079
401,0302590,50125,Euclid Av & Rock Ln,65,-122.2659611,37.896051
402,0302600,54865,Euclid Av & Rose Walk,65,-122.261606,37.883115
403,0302610,50227,Euclid Av & Vine Ln,65,-122.2615173,37.8812269
404,0302620,55314,Euclid Av & Virginia St,65,-122.2607302,37.8775414
405,0302630,57478,Fairlawn Dr & Avenida Dr,65,-122.250139,37.883519
406,0302700,50404,Gilman St & 7th St,12,-122.3004391,37.8794895
407,0302710,52052,Gilman St & 8th St,12,-122.2990628,37.8799035
408,0302720,51120,Gilman St & Cornell Av,12,-122.2934169,37.8810264
409,0302730,52077,Gilman St & Cornell Av,12,-122.2933064,37.8809487
410,0302740,51175,Gilman St & Curtis St,12,-122.2898735,37.8813484
411,0302750,53367,Gilman St & Neilson St,12,-122.2889677,37.8812402
412,0302760,53380,Gilman St & Ordway St,12,-122.2865401,37.880554
413,0302770,52977,Gilman St & Ordway St,12,-122.2868957,37.880747
414,0302780,57715,Gilman St & San Pablo Av,12,-122.2962201,37.8803254
415,0302790,52877,Gilman St & Santa Fe Av,12,-122.2910214,37.8813958
416,0302800,59545,Gilman St & Santa Fe Av,12,-122.2911094,37.8814897
417,0302820,52502,1411 Grizzly Peak Blvd,65,-122.2481538,37.8847091
418,0302830,58189,Grizzly Peak Blvd & Arcade Av,65,-122.2510844,37.88691
419,0302840,58710,Grizzly Peak Blvd & Arcade Av,65,-122.2514745,37.8871243
420,0302850,57610,Grizzly Peak Blvd & Avenida Dr,65,-122.2484622,37.8848025
421,0302860,58289,Grizzly Peak Blvd & Creston Rd (North-West Jctn),65,-122.2664225,37.9008462
422,0302870,58389,Grizzly Peak Blvd & Creston Rd (South-East Jctn),65,-122.2564314,37.8924776
423,0302880,55769,Grizzly Peak Blvd & Creston Rd (South-East Jctn),65,-122.2564472,37.8925986
424,0302890,50337,Grizzly Peak Blvd & Creston Rd (North-West Jctn),65,-122.2663584,37.9009522
425,0302900,58689,Grizzly Peak Blvd & Forest Ln,65,-122.2612094,37.8967294
426,0302910,57661,Grizzly Peak Blvd & Forest Ln,65,-122.2604209,37.8961649
427,0302920,51231,Grizzly Peak Blvd & Hill Rd,65,-122.2492854,37.8857622
428,0302930,59854,Grizzly Peak Blvd & Hill Rd,65,-122.2491607,37.885852
429,0302940,54014,Grizzly Peak Blvd & Keeler Av,65,-122.2650993,37.8991895
430,0302950,55364,Grizzly Peak Blvd & Keeler Av,65,-122.2651727,37.899359
431,0302960,58847,Grizzly Peak Blvd & Latham Ln,65,-122.2582643,37.8941377
432,0302970,54124,Grizzly Peak Blvd & Latham Ln,65,-122.2583075,37.8940606
433,0302980,55394,Grizzly Peak Blvd & Marin Av,65,-122.2615358,37.8969575
434,0302990,57662,Grizzly Peak Blvd & Muir Way,65,-122.2550003,37.8916477
435,0303000,53077,Grizzly Peak Blvd & Senior Av,65,-122.2489591,37.8830346
436,0303010,50226,Grizzly Peak Blvd & Shasta Rd,65,-122.2522633,37.8903388
437,0303020,54358,Grizzly Peak Blvd & Shasta Rd,65,-122.2525757,37.8904967
438,0303030,54383,Grizzly Peak Blvd & Stevenson Av,65,-122.2550192,37.8915317
439,0303040,51220,Grizzly Peak Blvd & Sunset Ln,65,-122.262039,37.8980463
440,0303050,54513,Grizzly Peak Blvd & Sunset Ln,65,-122.2622887,37.898122
441,0303060,50229,Haste St & Milvia St,36,-122.2702866,37.8645859
442,0303070,58005,Haste St & Shattuck Av,36,-122.2679298,37.8649135
443,0303100,55456,Hearst Av & Arch St,65,-122.2642342,37.8745848
444,0303120,55006,Hearst Av & Euclid Av,52 65 F,-122.260552,37.8749296
445,0303140,57955,Hearst Av & Le Roy Av,52 F,-122.2579698,37.8752983
446,0303190,55180,Henry St & Berryman St,7 18 FS,-122.2708677,37.8835942
447,0303200,58533,Henry St & Berryman St,7 18 FS,-122.2711115,37.8834026
448,0303220,55129,Hopkins St & Albina Av,12,-122.284164,37.8805756
449,0303230,55231,Hopkins St & Beverly Pl,12,-122.276688,37.8843663
450,0303240,53877,Hopkins St & Beverly Pl,12,-122.2768549,37.8841309
451,0303250,57887,Hopkins St & California St,12 688,-122.2820449,37.8815633
452,0303260,53177,Hopkins St & Carlotta Av,12,-122.2799808,37.8825776
453,0303270,50997,Hopkins St & Colusa Av,12,-122.2795779,37.8829284
454,0303280,53536,Hopkins St & Monterey Av,12,-122.2818326,37.8818151
455,0303290,53539,Hopkins St & Sacramento St,12,-122.2835608,37.8807638
456,0303320,50336,Hopkins St & The Alameda,12,-122.275195,37.8853396
457,0303390,51077,Marin Av & Arlington Cir,7,-122.2728407,37.8899804
458,0303400,53667,Marin Av & Lassen St,7,-122.2747498,37.8893762
459,0303410,52677,Marin Av & Lassen St,7,-122.2748973,37.8891502
460,0303420,55904,Marin Av & The Circle,7,-122.2726456,37.8898747
461,0303440,56766,Martin Luther King Jr Way & Allston Way,12,-122.2727765,37.8684404
462,0303460,59554,Martin Luther King Jr Way & Ashby Av(Ashby BART),12,-122.2712127,37.8543938
463,0303470,55625,Martin Luther King Jr Way & Ashby Av (Ashby BART),12,-122.2710115,37.8545591
464,0303480,53457,Martin Luther King Jr Way & Bancroft Way,12,-122.2724624,37.8671762
465,0303490,55067,Martin Luther King Jr Way & Bancroft Way,12,-122.2725859,37.8667408
466,0303500,50339,Martin Luther King Jr Way & Berryman St,12 27,-122.2743452,37.8829748
467,0303510,56746,Martin Luther King Jr Way & Berryman St,12 27,-122.2742612,37.8835246
468,0303520,55914,Martin Luther King Jr Way & Cedar St,12 27,-122.2736202,37.8780408
469,0303530,50661,Martin Luther King Jr Way & Cedar St,12 27,-122.2738166,37.8775991
470,0303540,55924,Martin Luther King Jr Way & Channing Way,12,-122.2722652,37.8653302
471,0303550,55236,Martin Luther King Jr Way & Channing Way,12,-122.2723869,37.8649364
472,0303560,58825,Martin Luther King Jr Way & Derby St,12,-122.271627,37.8599836
473,0303570,55045,Martin Luther King Jr Way & Derby St,12,-122.2717846,37.8598652
474,0303580,51622,Martin Luther King Jr Way & Dwight Way,12,-122.2720271,37.8635945
475,0303590,58115,Martin Luther King Jr Way & Dwight Way,12,-122.272183,37.8631048
476,0303600,57663,Martin Luther King Jr Way & Hearst Av,12 27,-122.2733022,37.8734255
477,0303610,57457,Martin Luther King Jr Way & Hearst Av,12 27,-122.2731735,37.873625
478,0303620,54787,Martin Luther King Jr Way & Parker St,12,-122.2719775,37.861294
479,0303630,50765,Martin Luther King Jr Way & Parker St,12,-122.2718262,37.8617781
480,0303650,52177,Martin Luther King Jr Way & Prince St (Ashby BART),12,-122.270796,37.853092
481,0303660,57587,Martin Luther King Jr Way & Rose St,12 27,-122.2741602,37.8812306
482,0303670,55167,Martin Luther King Jr Way & Rose St,12 27,-122.2740858,37.8817107
483,0303680,56546,Martin Luther King Jr Way & Russell St,12,-122.2714203,37.8562219
484,0303690,50544,Martin Luther King Jr Way & Russell St,12,-122.2712064,37.85637
485,0303700,55239,Martin Luther King Jr Way & Stuart St,12,-122.2714175,37.8581606
486,0303710,55602,Martin Luther King Jr Way & Stuart St,12,-122.2715621,37.8577396
487,0303720,56434,Martin Luther King Jr Way & University Av,12,-122.2730763,37.8711994
488,0303730,54890,Martin Luther King Jr Way & Vine St,12 27,-122.2738293,37.8798093
489,0303740,50662,Martin Luther King Jr Way & Vine St,12 27,-122.2739339,37.8794475
490,0303750,56598,Martin Luther King Jr Way & Virginia St,12 27,-122.2735586,37.8758067
491,0303800,53356,Monterey Av & Hopkins St,688,-122.2821324,37.8817868
492,0303860,55200,North Berkeley BART,604,-122.2831816,37.8742903
493,0303890,51765,Oxford St & Cedar St,67,-122.2667974,37.8786349
494,0303900,59810,Oxford St & Cedar St,67,-122.2669232,37.878445
495,0303910,51173,Oxford St & Hearst Av,67,-122.2662769,37.8745069
496,0303920,51179,Oxford St & Rose St,67,-122.2671935,37.8820965
497,0303930,55941,Oxford St & Rose St,67,-122.2673322,37.8821175
498,0303950,54120,Oxford St & Vine St,67,-122.2671272,37.880326
499,0303960,51197,Oxford St & Vine St,67,-122.2670051,37.8803652
500,0303970,54230,Oxford St & Virginia St,67,-122.2667221,37.876427
501,0303980,54303,Oxford St & Virginia St,67,-122.2665834,37.8767712
502,0303990,52995,Piedmont Av & Bancroft Way,52 F,-122.2523895,37.8696872
503,0304010,50144,Piedmont Av & Channing Way,36,-122.2519921,37.8674781
504,0304020,53677,Piedmont Av & Channing Way,36,-122.2518164,37.8680584
505,0304030,51997,Piedmont Av & Dwight Way,36,-122.2514105,37.8659833
506,0304040,57725,Piedmont Cr & Dwight Way,36,-122.2507619,37.865846
509,0304090,54305,Sacramento St & Allston Way,88 688 J,-122.281543,37.867648
510,0304100,55380,Sacramento St & Allston Way,88 688 J,-122.2818011,37.8671016
511,0304110,52100,Sacramento St & Ashby Av,88 688 J,-122.2792038,37.8534575
512,0304120,58959,Sacramento St & Ashby Av,88 688,-122.2788209,37.8530991
513,0304150,52535,Sacramento St & Carleton St,88 688 J,-122.2805236,37.8596786
514,0304160,55820,Sacramento St & Carleton St,88 688 J,-122.2802424,37.859839
515,0304170,51856,Sacramento St & Cedar St,688,-122.2825352,37.8769093
516,0304180,52154,Sacramento St & Cedar St,52 688,-122.282755,37.876438
517,0304190,53977,Sacramento St & Channing Way,88 688,-122.2814846,37.8641045
518,0304200,53765,Sacramento St & Channing Way,88 688,-122.2811585,37.8639324
519,0304220,55451,Sacramento St & Dwight Way,88 688 J,-122.2813017,37.8623058
520,0304230,53321,Sacramento St & Dwight Way,88 688 J,-122.280932,37.8621164
521,0304240,55830,Sacramento St & Fairview St,88 688,-122.2781121,37.8500445
522,0304250,59077,Sacramento St & Fairview St,88 688,-122.2783381,37.8497467
523,0304270,52812,Sacramento St & Hopkins St,688,-122.2831721,37.880911
524,0304280,51571,Sacramento St & Oregon St,88 688 J,-122.2794393,37.8558911
525,0304290,58225,Sacramento St & Oregon St,88 688 J,-122.2797097,37.8557724
526,0304300,50570,Sacramento St & Prince St,88 688,-122.2786963,37.8512528
527,0304310,59177,Sacramento St & Prince St,88 688,-122.2784477,37.8513992
528,0304320,52823,Sacramento St & Rose St,688,-122.28304,37.8786343
529,0304330,52856,Sacramento St & Rose St,688,-122.2827041,37.878423
530,0304350,55946,Sacramento St & University Av,688,-122.2817739,37.8701289
531,0304370,53254,Sacramento St & Virginia St,52 688,-122.2823426,37.8751328
532,0304380,58335,Sacramento St & Ward St,88 688 J,-122.2801567,37.8578934
533,0304390,50122,Sacramento St & Ward St,88 688 J,-122.2798767,37.8580687
534,0304400,52007,San Pablo Av & Allston Way,72 802 72M,-122.2912387,37.8667243
535,0304410,59591,San Pablo Av & Allston Way,72 802 72M,-122.2914365,37.8664811
536,0304420,52228,San Pablo Av & Ashby Av,72 802 72L 72M,-122.2867124,37.8518047
537,0304430,51117,San Pablo Av & Ashby Av,72 802 72L 72M,-122.2866745,37.8525141
538,0304440,55267,San Pablo Av & Bancroft Way,72 802 72M,-122.2906306,37.8648158
539,0304450,59277,San Pablo Av & Bancroft Way,72 802 72M,-122.2908692,37.864711
540,0304460,55165,San Pablo Av & Cedar St,72 800 G 72M,-122.2939514,37.8751078
541,0304470,59600,San Pablo Av & Cedar St,72 800 G 72M,-122.2943294,37.8754182
542,0304480,52207,San Pablo Av & Channing Way,72 802 72M,-122.2899564,37.8627477
543,0304490,50344,San Pablo Av & Channing Way,72 802 72M,-122.2902994,37.8629302
544,0304500,59755,San Pablo Av & Delaware St,72 800 G 72M,-122.2931474,37.871763
545,0304510,51001,San Pablo Av & Delaware St,72 800 G 72M,-122.2929364,37.8720276
546,0304540,55501,San Pablo Av & Gilman St,52 72 800 G 72L 72M,-122.2957731,37.8798969
547,0304550,55100,San Pablo Av & Gilman St,52 72 800 G 72L 72M,-122.2957826,37.8808289
548,0304560,51699,San Pablo Av & Grayson St,72 802 72M,-122.2879111,37.856426
549,0304570,53003,San Pablo Av & Grayson St,72 802 72M,-122.2881599,37.8562943
550,0304580,52271,San Pablo Av & Harrison St,52 72 800 72M,-122.2963702,37.8826484
551,0304590,55929,San Pablo Av & Harrison St,52 72 800 72M,-122.2964516,37.882043
552,0304600,55603,San Pablo Av & Haskell St,72 802 72M,-122.2860016,37.8504739
553,0304610,59377,San Pablo Av & Heinz Av,72 802 72M,-122.2875767,37.8544557
554,0304620,55367,San Pablo Av & Oregon St,72 802 72M,-122.2874076,37.854847
555,0304630,52273,San Pablo Av & Page St,52 72 800 72M,-122.2948148,37.8777732
556,0304640,53005,San Pablo Av & Page St,52 72 800 72M,-122.2949317,37.8773238
557,0304670,55996,University Av & San Pablo Av,800 FS 51B,-122.2917252,37.8690637
558,0304730,58455,Seawall Dr & University Av,51B,-122.3172785,37.8628126
559,0304740,53589,Senior Av & Fairlawn Dr,65,-122.2503001,37.8829445
560,0304750,59895,Shasta Rd & Grizzly Peak Blvd,65,-122.252345,37.889904
561,0304760,50669,Shasta Rd & Miller Av,65,-122.2531548,37.8896398
562,0304770,59765,Shasta Rd & Queens Rd,65,-122.2534952,37.8882014
563,0304790,55555,Shattuck Av & Allston Way,6 7 18 22 27 800 851 F 51B,-122.2681269,37.8694798
564,0304820,53339,Shattuck Av & Cedar St,7 18 FS,-122.2692311,37.8785363
565,0304830,51544,Shattuck Av & Cedar St,7 18 FS,-122.2689699,37.8783441
566,0304840,55559,Shattuck Sq & Center St (Downtown Berkeley BART),27 52 604 605 800 51B,-122.2677299,37.8701942
567,0304850,54588,Shattuck Av & Delaware St,7 18 FS,-122.2686303,37.875261
568,0304860,57200,Shattuck Av & Delaware St,7 18 FS,-122.2688533,37.8745712
569,0304870,51377,Shattuck Av & Derby St,7 18 800,-122.2671685,37.8606709
570,0304880,59985,Shattuck Av & Derby St,7 18 800,-122.2669167,37.8602753
571,0304890,55226,Shattuck Av & Durant Av,7 18 36 800 F,-122.2678119,37.8664679
572,0304900,52155,Shattuck Av & Durant Av,7 18 800 F,-122.2675167,37.8666044
573,0304910,55452,Shattuck Av & Dwight Way,7 18 800 F,-122.2672161,37.8639087
574,0304920,54454,Shattuck Av & Dwight Way,7 18 800 F,-122.267499,37.8637622
575,0304950,51300,Shattuck Av & Haste St,7 18 36 800,-122.2673677,37.8651097
576,0304960,55999,Shattuck Av & Kittredge St,6 7 18 22 27 800 851 F 51B,-122.26799,37.868192
577,0304970,55585,Shattuck Av & Kittredge St,7 22 604 605 800 F,-122.2677224,37.8684502
578,0304980,50151,Shattuck Av & Parker St,7 18 800 F,-122.2669975,37.8620922
579,0304990,55935,Shattuck Av & Parker St,7 18 800 F,-122.267279,37.8619267
580,0305040,58889,Shattuck Av & University Av,7 18 FS,-122.2685425,37.8723686
581,0305050,57776,Shattuck Av & University Av,7 18 F FS,-122.2683189,37.8725413
582,0305060,55507,Shattuck Av & Vine St,7 18 FS,-122.2694552,37.8803196
583,0305070,55652,Shattuck Av & Vine St,7 18 FS,-122.2691715,37.8801384
584,0305080,57225,Shattuck Av & Virginia St,7 18,-122.2687525,37.8765197
585,0305090,56654,Shattuck Av & Virginia St,7 18,-122.2690019,37.8763506
586,0305120,59899,Shattuck Pl & Rose St,7 18 FS,-122.2701155,37.8818696
587,0305130,55454,Shattuck Pl & Rose St,7 18 FS,-122.2703548,37.8817029
588,0305140,55265,Solano Av & Colusa Av,18 27 FS,-122.2796948,37.8914393
589,0305150,57799,Solano Av & Colusa Av,18 27 FS,-122.2787612,37.8912973
590,0305160,51922,Solano Av & Ensenada Av,18 G,-122.281795,37.8913298
591,0305170,50750,Solano Av & Ensenada Av,18 G,-122.2815398,37.8911716
592,0305180,51233,Solano Av & Peralta Av,18 G,-122.2859579,37.8910902
593,0305190,52279,Solano Av & Tacoma Av,18,-122.2840643,37.8911892
594,0305200,54300,Solano Av & The Alameda,7 18 FS,-122.2762231,37.8911012
595,0305210,51251,Solano Av & The Alameda,18 27 FS,-122.2775066,37.8915546
596,0305220,53823,533 Spruce St,67,-122.2695105,37.9013097
597,0305230,53856,Spruce St & Acacia Walk,67,-122.2708258,37.899376
598,0305240,54315,Spruce St & Eunice St,67,-122.2665548,37.886299
599,0305250,52297,Spruce St & Eunice St,67,-122.2666443,37.8858811
600,0305260,54065,Spruce St & Glen Av,67,-122.2662955,37.884088
601,0305270,57010,Spruce St & Glen Av,67,-122.26639,37.8838997
602,0305280,56277,Spruce St & Grizzly Peak Blvd,67,-122.2697595,37.9043126
603,0305290,54165,Spruce St & Halkin Ln,67,-122.2698601,37.8979715
604,0305300,54265,Spruce St & Los Angeles Av,67,-122.2667648,37.8883548
605,0305310,55321,Spruce St & Los Angeles Av,67,-122.2668507,37.8884524
606,0305320,54351,Spruce St & Marin Av,67,-122.267895,37.8933683
607,0305330,50105,Spruce St & Marin Av,67,-122.2675948,37.8930173
608,0305340,54965,Spruce St & Montrose Rd,67,-122.2689793,37.8952668
609,0305350,53458,Spruce St & Rose St,67,-122.2661276,37.8827968
610,0305360,54352,Spruce St & Rose St,67,-122.266223,37.8826245
611,0305370,55712,Spruce St & San Benito Rd,67,-122.2672971,37.8909019
612,0305380,57467,Spruce St & San Benito Rd,67,-122.2671605,37.8908918
613,0305390,54359,Spruce St & Santa Barbara Rd,67,-122.266921,37.8921842
614,0305400,55860,Spruce St & Santa Barbara Rd,67,-122.2671408,37.8919776
615,0305410,54363,Spruce St & Vassar Av,67,-122.2705699,37.9023989
616,0305420,57740,Sutter St & Hopkins St,7 18 FS,-122.2722683,37.8884182
617,0305430,56300,Sutter St & Hopkins St,7 18 FS,-122.2725035,37.8885757
618,0305450,59592,Sutter St & Yolo Av,7 18,-122.2718941,37.8862446
619,0305460,57050,Telegraph Av & Ashby Av,6,-122.2595991,37.8559671
620,0305510,51555,Telegraph Av & Dwight Way,6,-122.2586205,37.8645066
621,0305530,51244,Telegraph Av & Haste St,6,-122.2586101,37.8662926
622,0305600,51005,Telegraph Av & Stuart St,6,-122.2590274,37.8599207
623,0305610,51215,Telegraph Av & Stuart St,6,-122.2593317,37.8597132
624,0305620,55529,Telegraph Av & Webster St,6 800,-122.2599345,37.8553154
625,0305650,56044,The Alameda & Hopkins St,27,-122.2751423,37.8857637
626,0305660,52342,The Alameda & Marin Av,27,-122.2763706,37.8886815
627,0305670,55964,The Alameda & Monterey Av,27,-122.2764094,37.8877299
628,0305680,57735,The Alameda & Solano Av,7 27,-122.2771114,37.8911639
629,0305690,53451,Tunnel Rd & Bridge Rd,604 E,-122.2382383,37.8552681
630,0305700,51252,Tunnel Rd & Domingo Av (Ashby Av),604 E,-122.243462,37.8579111
631,0305710,57807,Tunnel Rd & Roble Rd,604 E,-122.2366888,37.8542251
632,0305720,53452,Tunnel Rd & The Uplands,604 E,-122.2389848,37.8552812
633,0305730,57817,Tunnel Rd & Vicente Rd,604 E,-122.2359954,37.853842
634,0305750,55967,Piedmont Av & UC Faculty Club,52 F,-122.252833,37.8710052
635,0305760,58883,University Av & 3rd St,802 51B,-122.300677,37.867275
636,0305770,52355,University Av & 4th St,802 51B,-122.2997303,37.8677265
637,0305780,54477,University Av & 4th St,51B,-122.2995568,37.867465
638,0305790,55548,University Av & 6th St,802 G FS 51B,-122.297351,37.8679427
639,0305800,51105,University Av & 6th St,802 G FS 51B,-122.2974137,37.8681567
640,0305810,59004,University Av & 9th St,802 51B,-122.294305,37.868791
641,0305820,55855,University Av & 9th St,802 G 51B,-122.2940789,37.8685999
642,0305840,59900,University Av & Acton St,800 51B,-122.2839188,37.8700912
643,0305850,52595,University Av & Bait Shop,51B,-122.3134947,37.8637432
644,0305860,58660,University Av & Bait Shop,51B,-122.3138199,37.8638342
645,0305880,57335,University Av & Bonar St,800 FS 51B,-122.2874175,37.8698362
646,0305930,51900,University Av & Grant St,52 88 604 800 51B,-122.2748915,37.8712154
647,0305950,54393,University Av & Marina Blvd,51B,-122.3115373,37.8647648
648,0305960,52997,University Av & Marina Blvd,51B,-122.3106828,37.8650961
649,0305980,57557,University Av & Martin Luther King Jr Way,52 604 800 FS 51B,-122.2728718,37.8717
650,0305990,55988,University Av & Martin Luther King Jr Way,27 52 88 604 800 FS 51B,-122.2726715,37.871544
651,0306040,55722,University Av & Sacramento St,52 604 800 FS 51B,-122.2816273,37.8705864
652,0306050,56667,University Av & Sacramento St,52 88 604 800 FS 51B,-122.2813466,37.8703678
653,0306060,55365,University Av & San Pablo Av,800,-122.2918451,37.8692513
654,0306080,54466,University Av & Shattuck Av,27 88 800 51B,-122.2685686,37.8720318
655,0306090,57827,University Av & W Frontage Rd,51B,-122.3060351,37.8663995
656,0306100,54395,University Av & W Frontage Rd,51B,-122.3056991,37.8661659
657,0306120,58778,Warring St & Derby St,36,-122.2501296,37.8627459
658,0306130,54767,Warring St & Derby St,36,-122.2502049,37.8624556
659,0306140,55664,Warring St & Parker St,36,-122.2502656,37.8645385
660,0306150,59114,Warring St & Parker St,36,-122.2503914,37.8642427
661,0306250,56377,Spruce St & Grizzly Peak Blvd,67,-122.2703614,37.9043805
662,0306260,57188,Spruce St & Vassar Av,67,-122.2707551,37.9020986
663,0306270,57001,551 Spruce St,67,-122.2701443,37.9007374
664,0306280,51160,Spruce St & Halkin Ln,67,-122.2699824,37.8978712
665,0306290,55880,San Pablo Av & Dwight Way,72 802 72L 72M,-122.2895464,37.8614662
666,0306300,55525,San Pablo Av & University Av,72 72L 72M,-122.2921181,37.869467
667,0306310,55111,San Pablo Av & University Av,72 802 72L 72M,-122.2920896,37.8687057
668,0306320,57755,San Pablo Av & Dwight Way,72 802 72L 72M,-122.2895828,37.8607944
669,0306410,52566,University Av & San Pablo Av,802 G FS 51B,-122.2925441,37.869114
670,0306420,57300,University Av & Kala Bagai Way,52 604 605,-122.2679845,37.8721194
671,0306450,57288,7th St & Cutter Way,36,-122.2939812,37.8595942
672,0306460,57837,Martin Luther King Jr Way & Allston Way,12,-122.2726289,37.8684457
673,0306480,56144,Cedar St & San Pablo Av,52,-122.2937596,37.8752017
674,0306510,57082,Centennial Dr & Parking Lot,65,-122.246653,37.8804159
675,0306520,50991,Centennial Dr & Parking Lot,65,-122.246038,37.8811045
676,0306530,54655,Bancroft Way & Ellsworth St,6 22 27 36 52 604 605 851 F 51B,-122.2640833,37.8681685
677,0306560,51575,Martin Luther King Jr Way & University Av,12 27,-122.2729934,37.8720318
678,0306650,50444,University Av & Shattuck Av,27 52 604 800 51B,-122.268776,37.8722013
679,0306660,54354,Gilman St & San Pablo Av,12,-122.2963689,37.8804523
680,0306670,56521,Oxford St & University Av,65 67,-122.2662041,37.8721728
681,0306720,55998,Sacramento St & University Av,88 688 J,-122.28208,37.870072
682,0306740,50604,Sacramento St & Delaware St (North Berkeley BART),52 688,-122.2821516,37.8733303
711,0500300,50256,Ashbury Av & Central Av,667 675,-122.2942774,37.9048088
712,0500310,55177,Ashbury Av & Central Av,675,-122.2944594,37.9049523
731,0500510,50512,Carlson Blvd & Central Av,71 675,-122.3046174,37.9021822
732,0500520,50523,Carlson Blvd & Central Av,675,-122.3048019,37.9020341
733,0500530,52033,Central Av & Carlson Blvd,L,-122.3050039,37.9019341
734,0500540,52544,Central Av & San Pablo Av,71 72 72M,-122.3031074,37.9023433
735,0500550,52066,Central Av & San Pablo Av,71 72 72M,-122.3029291,37.902316
736,0500560,50601,Central Av & Yosemite Av,L,-122.3053282,37.9017481
737,0500570,58780,Colusa Av & Curry Av,27 G,-122.2886687,37.9029951
738,0500580,52625,Colusa Av & Fairmount Av,27 G,-122.2907684,37.9038941
739,0500600,59882,Colusa Av & Lynn Av,27,-122.2884088,37.9008654
751,0500850,50500,El Cerrito Plaza BART,72 72M,-122.2988663,37.9023544
752,0500870,57283,El Cerrito Plaza BART,G,-122.2993248,37.9031526
753,0500880,57286,El Cerrito Plaza BART,71,-122.2990129,37.9028879
754,0500890,51177,El Cerrito Plaza BART,27,-122.2987058,37.9025374
755,0500900,57900,El Cerrito Plaza BART,72 72M,-122.2985977,37.9023162
757,0500920,52501,Fairmount Av & Albermarle St,27 675,-122.2953561,37.9028902
758,0500930,53371,Fairmount Av & Ashbury Av,27 667 675 G,-122.2939918,37.9031833
759,0500940,52612,Fairmount Av & Ashbury Av,27 675 G,-122.2941632,37.9032563
760,0500950,57543,Fairmount Av & Behrens St,27 667 675,-122.2954594,37.9027342
761,0500960,59942,Fairmount Av & Colusa Av,27 G,-122.2914066,37.9041196
762,0500980,52912,Fairmount Av & Richmond St,27 675,-122.2978516,37.902117
763,0500990,59946,Fairmount Av & San Pablo Av,667 675,-122.3022032,37.9006305
764,0501000,52923,Fairmount Av & San Pablo Av,675,-122.3030088,37.9005726
765,0501010,56570,Fairmount Av & Victoria St,27 667 675,-122.2966389,37.9023624
774,0501420,55562,San Pablo Av & Carlson Blvd,72 800 72L 72M,-122.3018656,37.8993474
775,0501430,52221,San Pablo Av & Carlson Blvd,72 800 72L 72M,-122.3018116,37.8985804
776,0501435,59596,San Pablo Av & Central Av,800 L,-122.3035484,37.902337
780,0501470,59967,San Pablo Av & Eureka Av,72 800 72M,-122.3051591,37.9063813
781,0501490,52925,San Pablo Av & Fairmount Av,72 800 72M,-122.3025546,37.9002025
785,0501530,52325,San Pablo Av & Lincoln Av,72 800 L 72M,-122.3041512,37.9042389
799,0501980,50616,San Pablo Av & El Dorado St,72 800 L 72M,-122.3042354,37.9037658
816,0600400,54989,Hollis St & 67th St,27 36 J,-122.292153,37.8490446
1973,1005020,59245,Alcatraz Av & Benvenue Av,22 688,-122.2533099,37.8512038
1974,1005030,59280,Alcatraz Av & College Av,688,-122.2526404,37.8511827
1975,1005040,59380,Alcatraz Av & Dana St,22 688,-122.2585532,37.8503954
1976,1005050,54342,Alcatraz Av & Dana St,22 688,-122.2583393,37.8505534
1977,1005060,59534,Alcatraz Av & Hillegass Av,22 688,-122.2548269,37.8508774
1978,1005070,59568,Alcatraz Av & Hillegass Av,22 688,-122.2544139,37.8510518
1979,1005080,59645,Alcatraz Av & Racine St,22 688,-122.2629767,37.8498007
1980,1005090,59680,Alcatraz Av & Raymond St,22 688,-122.262238,37.8500415
1981,1005120,54438,Alcatraz Av & Shattuck Av,22,-122.2654549,37.8494751
1982,1005130,58121,Alcatraz Av & Shattuck Av,22 688,-122.2656054,37.8495925
1983,1005140,53134,Alcatraz Av & Telegraph Av,22 688,-122.2608892,37.8502167
1984,1005150,54874,Alcatraz Av & Telegraph Av,22 688,-122.2608015,37.8500692
2105,1007140,59859,Centennial Dr & Lawrence Hall Of Science,65,-122.2467384,37.8803518
2113,1007320,55903,Claremont Av & College Av,E,-122.252402,37.8491393
2114,1007330,56188,Claremont Av & College Av,E,-122.2526186,37.8491468
2843,1019260,59099,Shattuck Av & Alcatraz Av,18,-122.2656611,37.8493587
2844,1019270,57522,Shattuck Av & Alcatraz Av,18,-122.2658409,37.84964
2887,1020380,53377,Telegraph Av & Alcatraz Av,6 800,-122.2606246,37.8503862
2899,1020810,51147,261 Tunnel Rd,604 E,-122.2340166,37.8525637
2945,1030550,57788,Telegraph Av & Alcatraz Av,6 800,-122.2603938,37.8504657
2963,1031080,54426,Claremont Av & Mystic St,36,-122.2510101,37.8508677
2988,1031770,50402,Bentley School,604,-122.2334634,37.8528715
3108,1300830,58797,Carlson Blvd & Columbia Av,71 675,-122.3070701,37.9053537
3109,1300840,59098,Carlson Blvd & Columbia Av,71 675,-122.3067318,37.9052775
3120,1301000,56985,Carlson Blvd & San Jose Av,71 675,-122.3062287,37.904112
3121,1301010,59198,Carlson Blvd & San Jose Av,71 675,-122.3060557,37.9042888
3253,1302780,56745,Pierce St & Central Av,L,-122.3096085,37.9008132
3254,1302790,56649,Pierce St & Central Av,L,-122.3096769,37.9006727
3255,1302800,56678,Pierce St & Pacific East Mall,L,-122.3091464,37.8983196
3256,1302810,50998,Pierce St & Pacific East Mall,L,-122.3090317,37.8983504
4014,9900220,58133,Arlington Av & Amherst Av,7,-122.2778717,37.9033156
4015,9900230,55654,Arlington Av & Coventry Rd,7,-122.2782458,37.9036821
4019,9900270,54133,Arlington Av & Oberlin Av,7,-122.2794988,37.906975
4043,9900570,51059,Colusa Av & Curry Av,27 G,-122.2885233,37.9028735
4044,9900575,51061,Colusa Av & Lynn Av,27,-122.2882919,37.900983
4045,9900580,58116,Colusa Av & Oak View Av,27 G,-122.2867327,37.8994849
4046,9900590,50560,Colusa Av & Oak View Av,27 G,-122.2874249,37.8996392
4077,9900950,51194,Purdue Av & Beloit Av,67,-122.271774,37.906845
4114,9901390,58226,Trinity Av & Beloit Av,67,-122.2746115,37.9066612
4130,9901640,50843,San Pablo Av & Columbia Av,72 800 72M,-122.3051254,37.9056285
4173,9902360,51073,Oxford St & Hearst Av,65 67,-122.2663774,37.8738258
4177,9902480,51096,Allston Way & Shattuck Av,65 67,-122.2676491,37.8694913
4186,9902570,51243,Pierce St & Solano Av,L,-122.3057767,37.8891868
4248,9903410,51506,College Av & Claremont Av,605 688 851 51B,-122.2523076,37.8500623
4249,9903420,51507,College Av & Alcatraz Av,22 605 851 51B,-122.2523643,37.8516182
4250,9903430,51508,College Av & Alcatraz Av,605 851 51B,-122.2525668,37.8509305
4262,9903580,51573,University Av & Acton St,800 J 51B,-122.2846543,37.8701805
4263,9903590,51574,University Av & California St,52 88 604 51B,-122.2794554,37.8706182
4264,9903600,51579,Durant Av & Telegraph Av,22 27 36 604 605 851 51B,-122.2586398,37.8678393
4265,9903610,51582,College Av & Parker St,22 27 604 605 851 51B,-122.2537508,37.8633574
4266,9903620,51583,University Av & California St,52 88 604 800 51B,-122.2802765,37.8707453
4267,9903630,51584,Durant Av & Ellsworth St,6 22 36 604 605 851 51B,-122.2632173,37.8672006
4273,9903710,51606,Durant Av & Dana St,22 27 36 604 605 851 51B,-122.2608438,37.8674914
4274,9903730,51614,Claremont Av & Mystic St,36,-122.2513725,37.8507534
4275,9903740,51617,University Av & Bonar St,800 FS 51B,-122.2869651,37.8696542
4300,9904120,51735,Cedar St & Chestnut St,52,-122.2884279,37.8759231
4307,9904230,51764,El Cerrito Plaza BART,G,-122.299469,37.9031515
4308,9904250,51769,Monroe St & Jackson St,18 52,-122.2995313,37.8842259
4309,9904270,51783,Monroe St & 10th St,52,-122.2985151,37.884267
4310,9904280,51784,Gilman St & 6th St,12,-122.301843,37.8793578
4312,9904380,51816,Martin Luther King Jr Way & Virginia St,12 27,-122.2735026,37.8765134
4315,9904450,51832,San Pablo Av & 67th St,72 802 72M,-122.2860722,37.8497892
4316,9904470,51835,Durant Av & Shattuck Av,6 22 27 36 851 51B,-122.2671512,37.866695
4353,9905410,52018,Shattuck Av & Oregon St,18,-122.2667532,37.8578833
4354,9905420,52019,Shattuck Av & Oregon St,18,-122.2668514,37.8572356
4510,9907370,52805,Alcatraz Av & Dover St,22 688,-122.2688279,37.8490424
4511,9907380,52808,Shattuck Av & Allston Way,7 18 22 F,-122.2678017,37.8698798
4520,9907500,52848,Hearst Av & Walnut St,F,-122.266985,37.873981
4570,9908020,53021,San Pablo Av & Solano Av,72 800 72L 72M,-122.29891,37.89055
4571,9908030,53025,Solano Av & Kains Av,18 G,-122.29817,37.89027
4594,9908330,53126,Sacramento St & Virginia St (North Berkeley BART),52 688,-122.282611,37.874559
4598,9908370,53136,University Av & Grant St,52 88 604 800 51B,-122.275647,37.8713641
4606,9908480,53167,The Alameda & Hopkins St,12 27,-122.274794,37.885169
4611,9908530,53178,San Pablo Av & Parker St,72 802 72M,-122.288939,37.859579
4612,9908540,53181,San Pablo Av & Parker St,72 802 72M,-122.28905,37.859067
4629,9908770,53278,Piedmont Ave & Bancroft Way,36,-122.252112,37.869404
4651,9909050,53468,Oxford St & Berkeley Way,52 65 67,-122.2660805,37.8736492
4670,9909300,53517,Oxford St & Center St,6 851,-122.2658,37.871087
4672,9909320,53519,Gayley Rd & Stadium Rimway,52 F,-122.2539918,37.8726083
4673,9909330,53524,Dana St & Haste St,6,-122.260885,37.865482
4678,9909390,53542,Telegraph Av & Blake St,6,-122.2584478,37.864462
4679,9909400,53546,Telegraph Av & Woolsey St,6 800,-122.2600041,37.853161
4680,9909410,53547,Telegraph Av & Woolsey St,6 800,-122.2603109,37.8527256
4742,9910140,53781,Shattuck Av & Ashby Av,18,-122.266474,37.8555248
4743,9910150,53782,Shattuck Av & Ashby Av,18,-122.266579,37.855025
4744,9910160,53784,Shattuck Av & Woolsey St,18,-122.266098,37.852591
4745,9910170,53786,Shattuck Av & Woolsey St,18,-122.266197,37.852148
4746,9910180,53793,Martin Luther King Jr Way & Prince St,12,-122.271002,37.852251
4748,9910200,53797,Bancroft Way & Bowditch St,22 27 36 52 604 605 851 F 51B,-122.2571927,37.8690288
